순서,제품명,유튜브링크
1,다이슨,https://www.youtube.com/watch?v=G2PbFW4f110
2,안방그릴,https://www.youtube.com/watch?v=g1VbbLwej2k
3,clover,https://youtu.be/lLfSTdGRnlc?si=Duf2qxy4xHnQWp_i
4,미라클피플사,https://youtu.be/wLHizfWR02M?si=7XqmswEU1zqlMVYU
5,나비엔 라방,https://youtube.com/shorts/RnM0FXvO9uI?feature=share
6,고비,https://www.youtube.com/watch?v=FVRKUZlJ7e4
7,테팔,https://www.youtube.com/watch?v=BTRh660N0Gg
8,코웨이 비렉스,https://www.youtube.com/watch?v=70TjI9-N_DI
9,로보락,https://www.youtube.com/watch?v=RRXb6wI9IQI
10,귀뚜라미,https://www.youtube.com/watch?v=6z-DUTfkjpg
11,뉴트리원 비비랩,https://www.youtube.com/watch?v=x9LuqfbR4MU
12,MD팩터,https://www.youtube.com/watch?v=-eQnOwGTk7o
13,비쎌,https://www.youtube.com/watch?v=N2UHQy3POWo&feature=youtu.be
14,휴롬,https://www.youtube.com/watch?v=GxN_BkqXtNw
15,신일,https://www.youtube.com/watch?v=9bd-cKFMoJg
16,오스템,https://www.youtube.com/watch?v=a8w3D-6zehs
17,동국제약 센텔리안,https://www.youtube.com/watch?v=Z0hi5ztHiDM
